,Model_1,Model_2,Model_3,Model_4
Dataset_1,0.00000,0.00000,0.98048,0.35771
Dataset_2,0.77826,0.00000,0.74349,0.36067
Dataset_3,0.63916,0.64321,0.07750,0.77198
Dataset_4,0.25991,0.07396,0.91903,0.87929
Dataset_5,0.02795,0.04796,0.00000,0.58135
Dataset_6,0.16619,0.02318,0.19980,0.00000
Dataset_7,0.00000,0.65064,0.94278,0.98281
Dataset_8,0.03745,0.06364,0.40225,0.00000
Dataset_9,0.21842,0.29758,0.62382,0.28533
Dataset_10,0.00000,0.00000,0.26068,0.55196
Dataset_11,0.64531,0.42674,0.63548,0.83904
Dataset_12,0.65923,0.00000,0.92840,0.59029
Dataset_13,0.95908,0.46024,0.81356,0.42269
Dataset_14,0.75754,0.00000,0.84530,0.23011
